CGPA,Aptitude_Score,Attendance,Placement_Eligible
6.31,35,98,No
8.01,65,80,Yes
8.2,63,74,No
5.51,100,73,No
5.0,99,96,No
7.59,58,66,No
6.79,35,94,No
7.11,40,89,No
7.87,48,74,No
7.51,69,84,No
6.62,40,79,No
6.77,86,82,No
7.01,43,79,No
7.82,92,77,Yes
8.14,59,78,No
5.66,53,89,No
7.68,85,93,Yes
6.03,69,92,No
7.84,57,67,No
6.02,85,80,No
7.86,74,86,Yes
5.92,67,85,No
8.53,80,80,Yes
7.33,66,79,No
8.12,80,89,Yes
6.55,57,73,No
8.5,77,67,No
5.8,71,84,No
7.05,76,91,No
5.0,55,86,No
6.61,73,80,No
10.0,68,93,Yes
7.23,69,76,No
5.7,51,93,No
7.21,47,72,No
7.19,89,80,Yes
8.7,71,80,Yes
7.91,66,86,No
7.3,83,69,No
8.17,74,72,No
6.03,66,84,No
5.88,90,90,No
8.94,59,94,Yes
6.2,49,83,No
7.53,54,79,No
6.09,91,99,No
7.03,67,76,No
6.62,84,95,Yes
7.63,84,81,Yes
8.63,64,84,Yes
5.75,68,100,No
7.17,45,86,No
6.93,69,75,No
6.95,37,93,No
7.05,77,81,No
9.34,85,94,Yes
7.44,43,90,No
8.08,51,71,No
7.44,86,75,No
6.72,38,68,No
7.5,46,100,No
6.73,49,85,No
7.45,71,79,No
6.87,72,78,No
6.56,64,93,No
8.15,49,81,No
6.3,67,79,No
5.86,65,87,No
5.92,65,79,No
7.02,67,89,No
6.86,57,73,No
7.65,53,75,No
5.98,49,75,No
8.39,89,88,Yes
8.67,62,93,Yes
7.1,80,68,No
8.87,76,94,Yes
7.85,77,85,Yes
8.81,62,88,Yes
8.5,85,82,Yes
7.03,64,86,No
6.85,53,91,No
7.59,68,55,No
6.74,74,82,No
8.19,47,100,Yes
7.91,76,66,No
7.33,61,89,No
6.99,54,81,No
9.25,60,83,Yes
7.13,46,95,No
5.6,64,68,No
7.55,75,78,No
8.54,65,80,No
7.05,51,76,No
7.0,46,81,No
6.67,62,73,No
7.54,53,77,No
7.68,77,76,No
7.79,84,85,Yes
7.23,80,99,Yes
5.64,60,83,No
8.05,76,88,Yes
6.05,68,66,No
7.63,79,85,No
6.91,83,93,No
6.86,47,95,No
7.11,49,86,No
7.61,60,100,No
7.04,62,75,No
7.73,82,98,Yes
7.46,38,92,No
5.08,77,73,No
7.83,64,78,No
6.8,77,69,No
6.73,48,81,No
7.07,56,73,No
7.63,68,66,No
5.78,90,77,No
5.63,96,80,No
6.96,72,92,No
6.79,52,81,No
6.84,55,92,No
7.19,66,72,No
6.96,82,61,No
7.04,76,81,No
6.31,66,95,No
6.13,58,85,No
5.72,72,100,No
6.79,77,96,Yes
6.35,67,80,No
5.43,53,91,No
8.17,77,91,Yes
8.21,66,89,Yes
7.55,73,75,No
8.76,77,77,Yes
6.56,89,87,No
6.18,74,87,No
8.2,49,82,No
6.85,63,69,No
6.28,65,64,No
7.32,57,70,No
9.04,43,75,No
8.33,48,94,No
5.46,38,82,No
7.24,38,76,No
8.19,85,85,Yes
7.0,41,76,No
9.33,83,86,Yes
6.04,85,88,No
7.01,60,93,No
7.37,77,73,No
6.7,35,88,No
6.79,71,81,No
7.59,78,98,Yes
8.09,69,93,Yes
5.61,56,81,No
8.93,63,84,Yes
6.24,100,83,No
5.52,66,69,No
6.11,40,82,No
6.78,74,75,No
6.64,80,98,No
6.81,58,100,No
9.05,61,72,Yes
8.03,70,71,No
6.68,72,82,No
5.44,52,77,No
6.78,80,65,No
8.03,76,86,Yes
8.38,51,89,No
7.58,81,73,No
9.8,92,79,Yes
7.63,89,86,Yes
6.72,49,94,No
6.42,80,83,No
6.14,80,86,No
6.95,58,91,No
5.83,61,87,No
7.54,64,90,No
7.62,73,87,No
6.89,63,92,No
7.98,67,88,Yes
5.2,70,76,No
8.66,85,81,Yes
7.57,39,73,No
8.04,69,90,Yes
7.43,75,62,No
8.68,73,95,Yes
7.69,51,82,No
6.31,80,89,No
7.58,56,89,No
5.0,65,100,No
6.33,73,84,No
7.04,53,75,No
6.72,58,98,No
5.21,68,61,No
6.5,80,84,No
6.32,100,87,Yes
7.65,69,78,No
7.83,60,63,No
7.63,83,78,No
7.84,55,91,No
6.42,74,91,No
6.17,79,90,No
6.87,71,87,No
6.68,72,93,No
6.3,56,93,No
8.56,64,73,No
8.14,53,100,No
5.34,56,82,No
7.99,67,80,No
6.21,36,79,No
9.08,51,90,Yes
7.08,90,99,Yes
7.52,46,77,No
7.84,53,68,No
7.12,85,78,No
6.03,46,92,No
5.92,70,82,No
6.98,82,85,No
6.15,35,78,No
7.48,61,82,No
6.16,79,85,No
7.27,74,72,No
6.52,46,91,No
7.95,62,86,Yes
6.95,87,82,No
7.57,64,88,No
6.58,77,78,No
6.66,78,74,No
8.82,54,89,No
7.09,69,78,No
8.63,76,74,Yes
5.75,50,85,No
6.39,75,78,No
6.79,71,78,No
6.61,52,72,No
7.09,65,75,No
6.82,64,73,No
6.19,72,82,No
8.14,77,84,No
5.15,59,92,No
7.99,44,83,No
7.24,62,76,No
6.87,54,99,No
5.47,80,84,No
6.16,64,68,No
7.36,100,82,No
6.0,70,91,No
7.46,49,88,No
6.84,74,72,No
8.68,76,97,Yes
7.05,82,78,No
6.89,64,76,No
7.73,76,76,No
7.95,46,82,No
8.83,41,67,No
8.64,59,96,Yes
7.32,41,71,No
5.9,73,92,No
7.26,68,70,No
6.74,69,75,No
6.2,75,75,No
7.36,56,87,No
7.47,61,85,No
6.62,63,83,No
8.23,60,87,Yes
7.31,85,80,No
9.75,56,73,Yes
8.51,35,89,No
8.29,59,89,No
8.8,73,84,Yes
7.59,60,77,No
6.83,82,73,No
7.01,65,66,No
6.35,73,88,No
7.84,51,80,No
6.57,48,84,No
6.54,66,85,No
8.09,54,92,Yes
6.36,81,95,No
8.26,66,80,No
6.67,90,79,No
6.95,70,86,No
5.87,61,91,No
7.89,61,83,No
7.05,64,96,No
7.58,60,89,No
9.08,60,87,Yes
5.48,69,71,No
7.54,57,96,No
8.2,63,87,No
8.1,59,84,No
6.08,82,76,No
8.2,44,79,No
8.31,48,88,No
7.79,90,57,No
5.82,77,82,No
6.88,63,72,No
8.97,70,87,Yes
6.37,80,86,No
7.01,59,83,No
7.29,70,84,No
6.61,73,96,No
7.26,52,86,No
5.0,96,93,No
7.23,74,78,No
8.54,68,75,Yes
7.51,49,75,No
6.55,70,86,No
5.92,73,68,No
6.84,76,92,No
6.04,66,91,No
7.76,72,56,No
8.31,64,89,No
9.28,62,75,Yes
6.35,76,100,No
6.63,50,82,No
6.06,69,99,No
7.23,65,94,No
6.89,88,74,No
8.27,82,79,Yes
8.06,77,57,No
6.16,73,75,No
7.6,71,78,No
9.62,38,96,Yes
7.27,74,64,No
7.03,57,81,No
7.9,36,88,No
6.98,87,85,No
7.14,35,93,No
7.64,79,85,Yes
5.0,59,66,No
5.0,83,82,No
7.5,67,78,No
7.27,65,79,No
6.29,62,86,No
6.19,57,100,No
7.92,59,72,No
6.75,82,84,No
6.06,48,84,No
7.72,60,74,No
6.75,66,79,No
7.56,64,84,No
7.9,42,74,No
7.29,65,65,No
7.5,60,78,No
8.79,66,77,Yes
7.87,60,84,No
8.07,57,75,No
7.42,80,84,No
8.77,59,83,No
8.25,60,71,No
7.01,67,80,No
7.35,62,92,No
5.82,64,100,No
8.93,69,78,Yes
6.31,71,83,No
5.63,72,62,No
6.39,68,76,No
5.72,88,78,No
5.0,85,73,No
6.18,86,79,No
7.07,63,77,No
8.04,54,87,No
7.61,68,84,No
8.55,92,81,Yes
8.66,79,82,Yes
7.48,73,92,No
8.11,64,94,No
7.16,63,76,No
6.22,95,80,No
7.61,92,81,Yes
5.97,54,71,No
7.33,77,81,No
8.13,57,92,No
7.21,63,89,No
7.7,46,80,No
6.45,57,78,No
6.7,68,77,No
6.14,77,74,No
6.78,78,76,No
7.71,72,75,No
6.47,73,74,No
6.98,67,83,No
6.63,84,76,No
8.56,60,87,Yes
7.84,58,79,No
8.07,73,88,Yes
7.21,84,78,No
8.74,49,82,No
7.74,82,88,Yes
5.0,61,86,No
8.04,86,75,No
7.44,54,85,No
6.92,70,78,No
6.93,78,67,No
7.56,49,73,No
8.06,100,85,Yes
7.32,67,100,No
6.77,38,70,No
9.14,49,94,No
6.41,89,88,No
6.26,72,87,No
6.59,73,75,No
6.37,51,95,No
7.03,60,89,No
8.36,100,91,Yes
7.83,65,71,No
7.63,67,85,No
7.87,58,82,No
6.88,53,76,No
7.12,69,76,No
7.67,67,86,No
7.44,81,89,Yes
7.19,60,82,No
8.45,60,91,Yes
6.07,52,91,No
8.1,64,87,No
6.87,89,78,No
8.08,63,87,No
5.98,70,83,No
7.78,73,82,Yes
7.75,78,66,No
5.37,45,83,No
6.38,87,79,No
6.82,69,83,No
6.87,88,98,Yes
7.78,68,88,No
7.1,63,88,No
6.73,72,85,No
7.05,63,96,No
8.27,95,71,Yes
8.28,100,91,Yes
8.39,73,77,No
7.27,61,88,No
6.79,57,65,No
7.4,85,74,No
8.15,88,90,Yes
5.92,75,76,No
6.12,79,75,No
7.46,73,95,Yes
6.92,65,91,No
6.1,63,75,No
7.04,65,78,No
6.91,76,81,No
5.26,68,82,No
8.78,57,86,Yes
5.49,58,83,No
5.88,74,86,No
9.2,45,91,Yes
7.26,51,65,No
7.66,74,85,No
6.38,47,88,No
10.0,66,82,Yes
6.89,72,92,No
7.49,72,85,No
5.0,58,76,No
9.53,73,60,Yes
6.52,46,67,No
7.34,55,83,No
5.75,65,84,No
7.44,90,65,No
7.33,59,82,No
5.0,59,64,No
6.27,53,79,No
7.27,69,86,No
8.53,82,76,Yes
6.76,83,88,No
6.35,69,77,No
5.9,75,77,No
6.78,79,83,No
7.21,44,75,No
7.65,64,86,No
6.53,75,100,No
6.9,57,84,No
6.33,82,84,No
8.85,86,92,Yes
7.74,87,74,Yes
5.55,58,88,No
7.44,64,89,No
5.51,59,83,No
7.98,88,98,Yes
7.96,76,78,No
7.65,52,83,No
7.43,69,75,No
6.53,78,99,No
6.68,78,91,No
7.58,93,67,No
6.86,52,62,No
7.19,78,70,No
8.01,71,85,No
6.28,92,88,No
6.82,84,84,No
8.0,80,100,Yes
7.08,73,87,No
6.86,66,89,No
8.29,99,75,Yes
7.48,80,65,No
6.09,62,89,No
8.02,47,93,No
7.36,70,87,No
7.34,94,72,Yes
7.6,75,99,Yes
7.59,64,77,No
8.82,70,71,Yes
6.76,59,69,No
5.95,66,77,No
6.72,81,87,No
6.9,59,78,No
6.82,67,84,No
5.0,55,88,No
5.98,94,83,No
6.34,54,83,No
9.02,71,61,Yes
7.84,54,89,No
7.38,74,83,No
7.49,74,79,No
7.94,64,84,No
8.42,74,83,Yes
7.43,63,83,No
5.58,71,78,No
5.76,53,88,No
5.0,57,95,No
7.67,55,91,No
7.76,58,81,No
6.82,74,73,No
7.84,67,87,Yes
8.81,51,83,Yes
7.12,71,89,No
5.96,79,95,No
8.06,88,87,Yes
7.47,79,96,No
6.09,69,86,No
7.33,50,76,No
8.13,71,80,No
6.71,60,72,No
7.89,71,70,No
7.65,67,71,No
8.27,100,79,Yes
5.83,77,100,No
7.52,88,72,No
5.05,68,82,No
7.63,49,90,No
7.22,63,83,No
8.4,37,79,No
7.3,81,84,No
7.23,77,81,No
7.45,48,100,No
8.66,93,100,Yes
7.43,84,83,No
7.39,36,87,No
5.0,61,79,No
8.69,74,66,No
7.28,82,100,Yes
7.76,76,82,No
8.04,81,89,Yes
7.25,77,65,No
8.07,60,88,No
8.68,66,89,Yes
6.31,95,65,No
8.02,99,79,Yes
6.45,76,86,No
7.98,49,74,No
6.64,62,80,No
8.52,88,89,Yes
7.55,45,85,No
7.14,64,85,No
7.5,74,80,No
6.94,71,95,No
7.36,82,83,No
8.04,65,82,No
7.24,84,82,No
7.49,51,89,No
8.01,73,84,No
7.61,54,84,No
5.07,40,100,No
7.55,70,78,No
6.5,48,87,No
6.67,84,81,No
7.98,57,86,No
7.15,77,86,No
7.42,81,70,No
6.45,45,95,No
6.88,69,85,No
8.03,77,79,Yes
8.35,44,67,No
6.76,76,76,No
6.38,79,73,No
7.37,46,82,No
5.91,69,76,No
8.41,56,67,No
7.68,68,80,No
8.99,83,92,Yes
5.26,74,79,No
7.15,78,84,No
7.25,68,100,Yes
8.47,86,81,Yes
7.39,46,86,No
5.34,50,66,No
6.24,64,76,No
6.01,67,77,No
8.37,68,92,Yes
7.98,59,71,No
7.38,43,73,No
7.16,58,82,No
8.92,89,89,Yes
6.67,69,80,No
7.91,100,82,Yes
7.96,75,73,No
8.51,50,100,No
5.67,39,74,No
7.64,69,90,No
6.16,77,81,No
5.7,95,84,No
6.72,77,83,No
7.64,75,100,Yes
6.51,86,95,No
7.57,57,70,No
7.42,56,73,No
6.12,74,87,No
8.18,89,75,Yes
6.71,71,95,No
7.65,41,72,No
7.57,69,82,No
6.9,76,97,No
7.88,55,83,No
7.09,64,82,No
7.41,50,97,No
7.54,71,77,No
7.68,43,79,No
7.42,74,98,No
7.65,79,84,Yes
6.85,76,91,No
6.98,93,77,No
7.43,75,84,No
7.73,37,87,No
6.49,71,63,No
6.13,35,84,No
7.65,71,89,Yes
7.07,63,100,No
6.91,76,84,No
6.36,60,91,No
5.84,75,68,No
7.75,68,79,No
6.24,43,82,No
6.46,67,76,No
6.84,59,81,No
8.25,71,84,Yes
7.24,68,92,No
6.09,95,84,No
7.48,75,75,No
6.51,72,72,No
5.7,73,86,No
7.23,79,82,No
7.6,78,74,No
7.56,73,94,No
8.12,62,100,Yes
9.33,64,94,Yes
7.27,61,71,No
5.53,72,74,No
6.12,74,91,No
8.51,82,100,Yes
8.34,77,71,No
7.44,64,86,No
9.72,78,83,Yes
6.74,66,94,No
7.94,75,89,Yes
6.36,65,79,No
8.55,68,61,No
7.21,57,86,No
6.02,35,83,No
7.15,79,96,Yes
6.49,70,78,No
6.96,54,89,No
6.88,100,100,Yes
6.16,81,89,No
6.81,61,76,No
6.84,43,84,No
5.98,56,86,No
8.41,79,80,Yes
7.11,47,89,No
7.94,59,77,No
7.18,79,93,No
5.96,68,65,No
7.09,82,78,No
9.15,67,87,Yes
7.03,86,65,No
6.21,72,61,No
6.87,79,78,No
9.0,60,91,Yes
7.13,65,88,No
6.58,84,84,No
7.75,65,98,Yes
6.64,57,86,No
7.43,79,83,No
6.17,72,67,No
6.83,59,75,No
6.92,87,92,No
7.04,71,81,No
6.12,72,77,No
5.71,47,87,No
5.5,76,79,No
7.59,46,67,No
8.44,53,87,No
6.35,73,94,No
7.06,63,90,No
6.59,75,74,No
7.1,83,84,No
7.65,62,90,No
5.0,70,95,No
6.88,70,86,No
5.62,81,96,No
5.13,74,71,No
7.93,82,87,Yes
7.38,64,81,No
8.56,65,83,Yes
7.23,77,84,No
5.51,65,89,No
7.47,60,86,No
7.2,64,84,No
6.81,55,82,No
7.74,63,70,No
7.46,65,64,No
5.0,38,78,No
7.02,85,78,No
7.42,58,75,No
8.31,77,73,Yes
7.29,74,83,No
6.55,51,91,No
6.1,62,68,No
7.4,56,94,No
8.37,56,93,Yes
5.42,66,76,No
6.97,68,92,No
6.31,69,81,No
6.77,71,83,No
6.27,39,92,No
6.09,82,80,No
8.02,65,85,No
7.21,78,85,Yes
8.93,62,91,Yes
7.36,81,78,No
6.58,35,62,No
6.5,87,69,No
7.9,75,81,Yes
8.36,35,100,No
6.18,59,67,No
7.07,75,98,No
5.32,47,90,No
7.67,71,77,No
5.31,53,83,No
8.45,52,76,No
7.64,85,68,No
7.42,69,82,No
7.67,70,79,No
7.55,77,80,No
6.06,64,90,No
7.53,73,87,No
5.37,73,81,No
6.61,52,90,No
6.95,46,73,No
7.52,51,70,No
7.15,71,87,No
7.65,71,80,No
7.47,46,95,No
8.04,46,96,No
5.67,60,96,No
8.95,80,87,Yes
8.41,69,96,Yes
7.45,85,83,No
9.58,82,96,Yes
6.5,73,86,No
7.36,65,85,No
5.72,62,74,No
7.68,62,74,No
7.85,66,81,No
6.34,62,93,No
7.07,92,92,Yes
7.3,77,91,Yes
8.56,90,95,Yes
6.79,70,81,No
8.13,40,92,No
6.99,76,87,No
5.6,43,88,No
7.29,55,72,No
6.04,59,59,No
6.57,70,82,No
6.92,68,85,No
7.79,58,76,No
6.66,75,90,No
7.72,65,77,No
7.53,57,96,No
6.97,80,70,No
9.26,52,82,Yes
8.65,57,97,Yes
7.21,58,96,No
7.58,62,73,No
7.06,69,81,No
10.0,68,77,Yes
6.45,58,63,No
9.44,51,83,Yes
8.45,82,73,Yes
7.08,63,88,No
7.69,62,89,No
5.44,92,69,No
6.28,44,86,No
6.02,48,75,No
8.6,62,99,Yes
8.33,68,89,Yes
5.51,64,86,No
6.55,52,74,No
7.79,65,82,No
6.37,82,75,No
7.62,83,83,Yes
8.05,52,76,No
7.49,63,81,No
7.01,48,78,No
5.75,85,89,No
6.43,52,97,No
6.32,86,93,No
6.18,75,75,No
7.39,48,81,No
7.51,61,70,No
7.51,81,71,No
9.24,63,63,No
5.0,46,78,No
6.36,58,78,No
6.73,60,67,No
5.41,42,92,No
7.43,65,80,No
7.28,51,66,No
6.49,63,89,No
8.54,37,81,No
5.25,68,69,No
5.92,55,89,No
9.25,35,73,No
7.28,78,79,No
5.78,67,77,No
5.58,57,100,No
7.4,43,79,No
8.66,69,79,Yes
6.68,85,76,No
7.6,82,66,No
8.49,69,74,Yes
7.97,61,80,No
6.3,68,84,No
7.08,72,85,No
6.48,87,91,No
7.42,76,86,No
6.69,61,88,No
5.9,88,73,No
6.86,55,83,No
7.54,49,77,No
5.73,66,75,No
7.57,69,59,No
7.43,78,85,No
5.74,60,86,No
7.87,71,82,No
7.46,50,80,No
8.8,72,82,Yes
6.91,96,91,Yes
7.13,82,88,No
8.04,65,80,No
7.25,89,88,No
9.02,66,86,Yes
5.21,78,77,No
9.2,67,85,Yes
7.36,62,84,No
6.79,84,78,No
5.47,84,77,No
6.56,65,86,No
8.3,41,75,No
6.23,50,80,No
9.04,89,93,Yes
6.2,64,85,No
7.91,59,79,No
7.45,72,78,No
7.67,53,96,No
7.33,68,85,Yes
7.94,55,90,No
6.91,59,89,No
6.74,89,81,No
5.98,73,78,No
7.84,53,90,No
7.74,43,82,No
5.95,68,81,No
5.74,70,92,No
7.1,88,75,No
7.51,77,90,Yes
6.83,61,80,No
6.18,49,72,No
6.28,84,77,No
7.38,80,90,Yes
6.95,61,72,No
7.54,89,81,Yes
7.48,55,74,No
6.37,58,70,No
7.36,66,83,No
7.97,72,71,No
7.51,62,77,No
7.14,88,75,No
7.2,76,78,No
8.61,61,80,Yes
6.47,63,74,No
6.89,59,79,No
6.08,69,71,No
7.4,63,91,No
6.17,70,90,No
8.26,97,64,No
8.64,79,85,Yes
8.56,69,87,Yes
6.99,78,77,No
7.94,59,74,No
5.79,55,82,No
6.16,58,76,No
7.11,52,95,No
7.43,68,80,No
7.53,70,82,No
7.66,71,86,No
7.15,59,79,No
7.82,61,83,No
7.4,72,100,No
6.64,96,90,Yes
8.92,81,77,Yes
7.27,89,78,Yes
6.46,52,92,No
7.1,68,88,No
7.81,65,90,No
6.34,74,83,No
8.1,55,92,Yes
5.14,100,73,No
6.11,49,87,No
7.11,54,75,No
8.33,45,82,No
6.9,94,85,Yes
7.72,67,77,No
7.72,53,88,No
9.29,73,90,Yes
8.13,100,100,Yes
9.11,60,80,No
8.99,71,81,Yes
7.82,66,97,Yes
7.47,75,89,Yes
7.14,79,81,No
7.66,70,81,No
5.0,65,93,No
8.76,69,91,Yes
5.73,61,90,No
7.04,52,84,No
5.24,42,62,No
7.25,57,94,No
7.99,60,66,No
8.85,66,87,Yes
9.0,35,87,No
7.0,71,74,No
6.86,66,82,No
7.83,54,80,No
5.64,69,77,No
6.33,70,77,No
7.82,65,74,No
7.13,63,85,No
7.54,66,81,No
7.72,72,78,No
8.93,57,88,No
6.52,72,75,No
7.64,74,83,No
7.17,73,65,No
6.23,51,77,No
6.44,60,70,No
8.57,54,73,No
7.02,82,74,No
6.41,69,76,No
8.3,41,83,No
7.95,86,69,No
7.57,68,76,No
7.61,61,80,No
8.88,100,89,Yes
7.78,35,94,No
7.18,53,76,No
6.81,55,83,No
6.86,93,69,No
6.19,60,76,No
6.29,85,96,No
8.06,74,81,No
7.21,46,78,No
7.53,93,65,No
8.71,42,74,No
6.87,35,74,No
6.91,50,78,No
7.38,68,82,No
6.39,59,65,No
7.02,73,82,No
8.31,52,90,No
6.07,52,69,No
6.25,49,95,No
6.48,90,86,No
6.22,77,69,No
6.59,67,73,No
6.84,76,76,No
